Tournament_End_Date,Game_Genre,Participating_Teams
Feb 2023,FPS,22.0
Mar 2023,FPS,32.0
Apr 2023,Battle Royale,24.0
May 2023,FPS,24.0
Jun 2023,FPS,8.0
Jun 2023,MOBA,16.0
Jul 2023,MOBA,19.0
Aug 2023,FPS,20.0
Aug 2023,Fighting,24.0
Aug 2023,Sports Sim,24.0
Sep 2023,Battle Royale,40.0
Oct 2023,Battle Royale,100.0
Oct 2023,FPS,8.0
Oct 2023,MOBA,20.0
Nov 2023,Battle Royale,18.0
Nov 2023,MOBA,22.0
Dec 2023,Battle Royale,48.0
Dec 2023,MOBA,16.0
